,Filename,TLC/D,ALCL, numsyl, avgchar,lentok,ttr,awl,class
0,152.txt,26.0,3.0,1.4,4.57,356.0,0.049,0.0196,1.0
1,388.txt,11.0,2.0,1.37,4.18,154.0,0.1103,0.0588,1.0
2,218.txt,23.0,3.0,1.35,4.25,267.0,0.0687,0.0,1.0
3,241.txt,26.0,5.0,1.62,4.84,294.0,0.0586,0.0117,1.0
4,51.txt,5.0,2.0,1.51,4.63,81.0,0.1714,0.0,1.0
5,418.txt,1.0,2.0,1.6,4.8,42.0,0.52,0.16,1.0
6,59.txt,5.0,2.0,1.6,4.96,83.0,0.1857,0.0,1.0
7,495.txt,13.0,4.0,1.44,4.39,195.0,0.0938,0.0,1.0
8,372.txt,4.0,2.0,1.51,4.39,83.0,0.1972,0.0,1.0
9,108.txt,4.0,4.0,1.32,4.33,71.0,0.2,0.0,1.0
10,229.txt,4.0,2.0,1.51,4.81,43.0,0.3784,0.0,1.0
11,493.txt,5.0,2.0,1.73,4.96,56.0,0.3111,0.0667,1.0
12,42.txt,11.0,2.0,1.3,4.12,129.0,0.1339,0.0089,1.0
13,92.txt,6.0,2.0,1.45,4.51,91.0,0.1892,0.0,1.0
14,337.txt,13.0,2.0,1.49,4.76,121.0,0.1238,0.0,1.0
15,117.txt,21.0,3.0,1.41,4.41,250.0,0.0791,0.0326,1.0
16,23.txt,5.0,2.0,1.47,4.63,94.0,0.1728,0.0,1.0
17,381.txt,6.0,3.0,1.49,4.62,116.0,0.134,0.0,1.0
18,44.txt,7.0,3.0,1.31,4.2,75.0,0.2031,0.0625,1.0
19,293.txt,9.0,4.0,1.44,4.42,187.0,0.1006,0.0,1.0
20,484.txt,7.0,2.0,1.57,4.66,115.0,0.1485,0.099,1.0
21,211.txt,2.0,2.0,1.52,4.57,52.0,0.2826,0.1957,1.0
22,7.txt,8.0,3.0,1.66,4.8,103.0,0.2169,0.0361,1.0
23,312.txt,4.0,2.0,1.6,4.72,71.0,0.2,0.0,1.0
24,444.txt,12.0,4.0,1.38,4.4,147.0,0.123,0.0,1.0
25,374.txt,13.0,4.0,1.68,5.16,115.0,0.1474,0.0,1.0
26,295.txt,11.0,3.0,1.68,5.08,152.0,0.1163,0.0388,1.0
27,436.txt,7.0,2.0,1.44,4.77,103.0,0.1932,0.0,1.0
28,230.txt,23.0,2.0,1.52,4.48,312.0,0.0684,0.0266,1.0
29,494.txt,12.0,4.0,1.31,4.17,147.0,0.127,0.0,1.0
30,261.txt,14.0,2.0,1.42,4.28,144.0,0.1301,0.0976,1.0
31,61.txt,8.0,2.0,1.5,5.1,97.0,0.1512,0.0,1.0
32,12.txt,9.0,4.0,1.48,4.12,135.0,0.1296,0.0463,1.0
33,16.txt,21.0,3.0,1.38,4.24,315.0,0.0655,0.0145,1.0
34,134.txt,11.0,2.0,1.38,4.18,163.0,0.1395,0.0,1.0
35,309.txt,12.0,2.0,1.51,4.42,168.0,0.1127,0.0,1.0
36,28.txt,11.0,3.0,1.45,4.54,144.0,0.1416,0.0177,1.0
37,373.txt,18.0,3.0,1.51,4.7,222.0,0.087,0.0217,1.0
38,404.txt,9.0,2.0,1.36,4.25,95.0,0.1625,0.0125,1.0
39,410.txt,5.0,2.0,1.48,4.57,74.0,0.2308,0.0154,1.0
40,120.txt,21.0,3.0,1.25,4.01,327.0,0.0609,0.0251,1.0
41,358.txt,22.0,5.0,1.37,4.29,251.0,0.0787,0.0093,1.0
42,52.txt,6.0,3.0,1.55,4.73,110.0,0.1829,0.0,1.0
43,38.txt,7.0,3.0,,,,,,
44,203.txt,8.0,3.0,1.43,4.79,138.0,0.1593,0.0177,1.0
45,482.txt,6.0,3.0,1.65,4.94,76.0,0.2462,0.0615,1.0
46,27.txt,9.0,2.0,1.54,4.87,82.0,0.2143,0.0,1.0
47,98.txt,7.0,2.0,1.5,4.68,81.0,0.2059,0.0,1.0
48,386.txt,21.0,3.0,1.49,4.37,277.0,0.0773,0.0227,1.0
49,103.txt,8.0,2.0,1.44,4.5,97.0,0.1279,0.0,1.0
50,109.txt,10.0,3.0,1.41,4.43,118.0,0.1101,0.1835,1.0
51,106.txt,8.0,3.0,1.62,4.91,99.0,0.1899,0.0,1.0
52,101.txt,6.0,3.0,1.57,4.45,113.0,0.1263,0.0526,1.0
53,248.txt,27.0,4.0,1.46,4.49,307.0,0.0642,0.0,1.0
54,294.txt,3.0,2.0,1.49,4.68,55.0,0.2553,0.2553,1.0
55,321.txt,4.0,2.0,1.49,4.82,65.0,0.2549,0.098,1.0
56,22.txt,7.0,2.0,1.46,4.69,89.0,0.1875,0.0,1.0
57,328.txt,1.0,2.0,2.0,5.7,11.0,1.0,0.0,1.0
58,429.txt,12.0,2.0,1.49,4.38,129.0,0.1364,0.1909,1.0
59,177.txt,5.0,2.0,1.74,5.29,73.0,0.2097,0.0,1.0
60,199.txt,27.0,3.0,1.55,4.7,265.0,0.0693,0.026,1.0
61,344.txt,11.0,2.0,1.46,4.25,127.0,0.1333,0.0381,1.0
62,363.txt,25.0,3.0,1.43,4.56,287.0,0.0714,0.0168,1.0
63,393.txt,20.0,3.0,1.69,4.97,224.0,0.1006,0.0223,1.0
64,13.txt,8.0,2.0,1.55,4.75,135.0,0.1441,0.0,1.0
65,243.txt,6.0,2.0,1.37,3.96,82.0,0.1918,0.0,1.0
66,85.txt,7.0,2.0,1.62,4.78,83.0,0.2192,0.0,1.0
67,36.txt,11.0,3.0,1.59,5.23,124.0,0.1284,0.0,1.0
68,188.txt,8.0,3.0,1.45,4.73,73.0,0.1563,0.0,1.0
69,58.txt,7.0,3.0,1.41,4.43,93.0,0.1585,0.0,1.0
70,26.txt,5.0,5.0,1.47,4.52,98.0,0.1975,0.0617,1.0
71,133.txt,6.0,4.0,1.47,4.5,92.0,0.1711,0.0,1.0
72,283.txt,6.0,2.0,1.58,5.19,115.0,0.1531,0.051,1.0
73,107.txt,34.0,2.0,1.4,4.37,328.0,0.0586,0.011,1.0
74,500.txt,1.0,2.0,2.0,5.7,11.0,1.0,0.0,1.0
75,491.txt,6.0,2.0,1.45,4.59,88.0,0.1974,0.0,1.0
76,422.txt,28.0,3.0,1.33,4.14,312.0,0.059,0.0554,1.0
77,171.txt,29.0,3.0,1.36,4.31,309.0,0.0639,0.0,1.0
78,423.txt,7.0,3.0,1.36,4.33,132.0,0.1518,0.0,1.0
79,64.txt,48.0,5.0,1.31,3.99,859.0,0.0266,0.014,1.0
80,40.txt,8.0,2.0,1.58,4.86,103.0,0.1364,0.0,1.0
81,62.txt,13.0,2.0,1.46,4.44,166.0,0.1088,0.034,1.0
82,180.txt,6.0,2.0,1.33,4.41,84.0,0.2143,0.1857,1.0
83,389.txt,8.0,3.0,1.46,4.38,152.0,0.1452,0.0403,1.0
84,164.txt,3.0,3.0,1.77,5.12,49.0,0.2791,0.0,1.0
85,53.txt,26.0,3.0,1.6,4.89,365.0,0.0535,0.0472,1.0
86,214.txt,5.0,2.0,1.64,5.02,69.0,0.2642,0.0755,1.0
87,225.txt,11.0,2.0,1.39,4.29,142.0,0.1368,0.0769,1.0
88,144.txt,16.0,3.0,1.47,4.38,248.0,0.0817,0.024,1.0
89,216.txt,16.0,3.0,1.37,4.18,174.0,0.1088,0.0,1.0
90,450.txt,1.0,2.0,1.88,5.25,18.0,0.6875,0.0,1.0
91,430.txt,8.0,7.0,1.41,4.38,153.0,0.1172,0.0,1.0
92,39.txt,21.0,3.0,1.53,4.69,325.0,0.0643,0.0143,1.0
93,490.txt,10.0,2.0,1.53,4.91,128.0,0.1321,0.0377,1.0
94,78.txt,22.0,3.0,1.39,4.33,277.0,0.0733,0.1379,1.0
95,364.txt,17.0,2.0,1.45,4.66,219.0,0.0874,0.0219,1.0
96,184.txt,22.0,2.0,1.49,4.44,278.0,0.0693,0.039,1.0
97,466.txt,12.0,3.0,1.39,4.42,188.0,0.0807,0.0435,1.0
98,339.txt,12.0,3.0,1.53,5.03,132.0,0.1261,0.0,1.0
99,46.txt,10.0,2.0,1.49,4.24,131.0,0.1455,0.0,1.0
100,163.txt,8.0,2.0,1.71,5.04,91.0,0.1781,0.0137,1.0
101,382.txt,3.0,2.0,1.45,4.64,51.0,0.3182,0.0,1.0
102,137.txt,24.0,4.0,1.35,4.6,286.0,0.0593,0.0,1.0
103,213.txt,4.0,2.0,1.44,4.98,48.0,0.2927,0.0488,1.0
104,239.txt,5.0,2.0,1.45,4.52,73.0,0.2154,0.0,1.0
105,348.txt,1.0,2.0,1.48,4.15,38.0,0.4242,0.0,1.0
106,24.txt,8.0,2.0,1.53,4.63,91.0,0.1646,0.0,1.0
107,292.txt,22.0,4.0,1.42,4.55,197.0,0.1,0.0353,1.0
108,100.txt,2.0,2.0,1.39,4.24,37.0,0.3636,0.0,1.0
109,425.txt,6.0,3.0,1.74,4.91,103.0,0.1609,0.0575,1.0
110,170.txt,16.0,3.0,1.34,4.57,226.0,0.0994,0.0663,1.0
111,354.txt,7.0,2.0,1.53,4.76,95.0,0.1757,0.0541,1.0
112,459.txt,8.0,2.0,1.47,4.31,102.0,0.1765,0.0,1.0
113,220.txt,16.0,6.0,1.44,4.77,220.0,0.0833,0.0,1.0
114,76.txt,21.0,4.0,1.33,4.18,377.0,0.0552,0.0184,1.0
115,336.txt,4.0,3.0,1.39,4.57,104.0,0.1444,0.0,1.0
116,77.txt,8.0,3.0,1.41,4.58,97.0,0.1765,0.0,1.0
117,272.txt,4.0,2.0,1.8,5.08,79.0,0.25,0.0625,1.0
118,245.txt,11.0,2.0,1.42,4.5,123.0,0.1495,0.0841,1.0
119,331.txt,12.0,3.0,1.51,4.65,167.0,0.1176,0.0147,1.0
120,200.txt,23.0,4.0,1.27,4.14,266.0,0.0603,0.0086,1.0
121,469.txt,21.0,3.0,1.36,4.17,254.0,0.0766,0.0144,1.0
122,55.txt,12.0,2.0,1.66,4.81,124.0,0.1321,0.0189,1.0
123,428.txt,9.0,2.0,1.68,4.9,102.0,0.1839,0.046,1.0
124,379.txt,1.0,2.0,2.0,5.7,11.0,1.0,0.0,1.0
125,449.txt,9.0,2.0,1.42,4.41,97.0,0.1591,0.0227,1.0
126,463.txt,13.0,3.0,1.41,4.39,165.0,0.1103,0.0069,1.0
127,443.txt,6.0,3.0,1.36,4.22,128.0,0.1327,0.0,1.0
128,258.txt,22.0,4.0,1.62,5.04,249.0,0.0737,0.0138,1.0
129,155.txt,14.0,3.0,1.55,4.89,191.0,0.1,0.0,1.0
130,156.txt,4.0,2.0,1.52,4.81,71.0,0.2069,0.0,1.0
131,432.txt,9.0,3.0,1.5,4.42,121.0,0.1531,0.0918,1.0
132,353.txt,14.0,4.0,1.31,4.12,268.0,0.0699,0.0,1.0
133,150.txt,16.0,3.0,1.44,4.58,214.0,0.0919,0.0216,1.0
134,32.txt,17.0,5.0,1.42,4.81,275.0,0.0583,0.0958,1.0
135,478.txt,21.0,3.0,1.38,4.44,249.0,0.0725,0.0,1.0
136,440.txt,18.0,3.0,1.61,4.81,270.0,0.0746,0.0,1.0
137,176.txt,13.0,2.0,1.37,4.37,131.0,0.113,0.0,1.0
138,255.txt,24.0,4.0,1.27,4.15,360.0,0.066,0.0066,1.0
139,448.txt,8.0,4.0,1.39,4.51,147.0,0.1032,0.0317,1.0
140,458.txt,12.0,2.0,1.53,4.66,150.0,0.1095,0.0365,1.0
141,82.txt,6.0,2.0,1.49,4.82,86.0,0.1918,0.0,1.0
142,300.txt,22.0,3.0,1.45,4.24,289.0,0.0687,0.0,1.0
143,304.txt,12.0,3.0,1.5,4.88,157.0,0.1077,0.0462,1.0
144,407.txt,4.0,3.0,1.57,4.94,76.0,0.1912,0.0,1.0
145,257.txt,4.0,2.0,1.75,5.25,45.0,0.3,0.2,1.0
146,67.txt,19.0,3.0,1.49,4.49,273.0,0.0752,0.0487,1.0
147,451.txt,5.0,2.0,1.53,4.88,96.0,0.1807,0.0,1.0
148,409.txt,10.0,2.0,1.47,4.69,117.0,0.1616,0.0,1.0
149,499.txt,14.0,2.0,1.49,4.5,146.0,0.1475,0.0,1.0
150,452.txt,15.0,3.0,1.34,4.23,211.0,0.0769,0.011,1.0
151,259.txt,3.0,2.0,1.49,4.46,40.0,0.3429,0.0,1.0
152,327.txt,10.0,2.0,1.28,4.34,131.0,0.1402,0.0374,1.0
153,111.txt,17.0,3.0,1.53,4.57,285.0,0.0763,0.0,1.0
154,194.txt,4.0,2.0,1.66,5.15,46.0,0.2683,0.1951,1.0
155,424.txt,12.0,3.0,1.54,4.47,164.0,0.102,0.034,1.0
156,311.txt,11.0,2.0,1.58,5.05,116.0,0.1633,0.0816,1.0
157,47.txt,7.0,2.0,1.55,4.51,85.0,0.1757,0.0,1.0
158,280.txt,2.0,2.0,1.57,4.73,33.0,0.4,0.0,1.0
159,447.txt,8.0,2.0,1.49,4.53,144.0,0.1393,0.0,1.0
160,146.txt,4.0,2.0,1.5,4.39,48.0,0.3684,0.0,1.0
161,181.txt,12.0,4.0,1.55,4.84,245.0,0.0837,0.0148,1.0
162,360.txt,27.0,4.0,1.42,4.55,354.0,0.0636,0.0495,1.0
163,288.txt,2.0,2.0,1.44,4.55,126.0,0.1647,0.0,1.0
164,49.txt,3.0,2.0,1.49,4.52,81.0,0.2388,0.0746,1.0
165,175.txt,4.0,2.0,1.74,5.11,40.0,0.3429,0.0,1.0
166,322.txt,4.0,2.0,1.71,4.98,64.0,0.2545,0.1273,1.0
167,140.txt,30.0,4.0,1.64,4.79,304.0,0.0625,0.0039,1.0
168,136.txt,5.0,2.0,1.35,4.3,114.0,0.1354,0.0,1.0
169,281.txt,5.0,2.0,1.38,4.2,88.0,0.1972,0.0563,1.0
170,437.txt,8.0,2.0,1.39,4.24,155.0,0.1145,0.0,1.0
171,168.txt,4.0,2.0,1.44,4.42,52.0,0.2667,0.0,1.0
172,435.txt,16.0,3.0,1.5,4.45,229.0,0.0939,0.0,1.0
173,242.txt,6.0,2.0,1.44,4.51,85.0,0.1688,0.0,1.0
174,71.txt,7.0,2.0,1.49,4.7,92.0,0.1807,0.1205,1.0
175,365.txt,14.0,2.0,1.45,4.48,155.0,0.1194,0.0448,1.0
176,487.txt,14.0,2.0,1.61,4.58,209.0,0.093,0.0581,1.0
177,224.txt,10.0,2.0,1.31,4.31,121.0,0.1386,0.0,1.0
178,486.txt,15.0,5.0,1.35,4.03,297.0,0.0602,0.0,1.0
179,72.txt,20.0,4.0,1.36,4.42,363.0,0.0588,0.0163,1.0
180,102.txt,7.0,2.0,1.58,4.69,76.0,0.209,0.0746,1.0
181,391.txt,12.0,5.0,1.41,4.23,142.0,0.1271,0.0085,1.0
182,273.txt,17.0,3.0,1.45,4.42,319.0,0.0674,0.0,1.0
183,303.txt,4.0,2.0,1.55,4.64,78.0,0.2031,0.0781,1.0
184,496.txt,32.0,3.0,1.43,4.44,307.0,0.0608,0.0152,1.0
185,420.txt,17.0,3.0,1.45,4.35,277.0,0.0742,0.0,1.0
186,392.txt,8.0,2.0,1.43,4.45,143.0,0.123,0.0328,1.0
187,17.txt,9.0,2.0,1.37,4.29,136.0,0.1391,0.087,1.0
188,408.txt,14.0,3.0,1.3,4.11,169.0,0.094,0.0201,1.0
189,457.txt,24.0,3.0,1.5,4.44,234.0,0.0816,0.0153,1.0
190,186.txt,14.0,3.0,1.28,4.16,221.0,0.0789,0.0368,1.0
191,390.txt,18.0,4.0,1.51,4.67,261.0,0.0718,0.0431,1.0
192,350.txt,9.0,3.0,1.51,4.13,118.0,0.1443,0.0309,1.0
193,48.txt,7.0,2.0,1.49,4.52,83.0,0.2174,0.0,1.0
194,178.txt,14.0,3.0,1.3,4.12,304.0,0.0595,0.0079,1.0
195,315.txt,7.0,2.0,1.59,4.96,106.0,0.1667,0.0556,1.0
196,205.txt,25.0,4.0,1.63,4.83,284.0,0.0656,0.0041,1.0
197,167.txt,11.0,2.0,1.45,4.37,138.0,0.1271,0.0,1.0
198,208.txt,5.0,2.0,1.57,4.56,74.0,0.2063,0.0,1.0
199,139.txt,24.0,4.0,1.35,4.6,286.0,0.0593,0.0,1.0
200,464.txt,9.0,2.0,1.41,4.48,117.0,0.1359,0.0,1.0
201,173.txt,29.0,4.0,1.36,4.52,249.0,0.0667,0.0,1.0
202,244.txt,17.0,3.0,1.57,4.87,241.0,0.0654,0.1121,1.0
203,330.txt,6.0,2.0,1.61,5.23,82.0,0.25,0.0,1.0
204,97.txt,5.0,4.0,1.52,4.34,112.0,0.1458,0.0,1.0
205,394.txt,14.0,2.0,1.44,4.32,169.0,0.1127,0.0211,1.0
206,25.txt,3.0,2.0,1.77,5.15,48.0,0.3333,0.0256,1.0
207,345.txt,7.0,3.0,1.65,4.81,135.0,0.1186,0.178,1.0
208,234.txt,10.0,4.0,1.46,4.59,91.0,0.1707,0.0,1.0
209,297.txt,6.0,2.0,1.73,5.39,101.0,0.1905,0.0238,1.0
210,314.txt,9.0,2.0,1.52,4.61,147.0,0.125,0.0,1.0
211,88.txt,16.0,3.0,1.45,4.72,220.0,0.0944,0.0,1.0
212,65.txt,23.0,4.0,1.62,4.8,306.0,0.0677,0.0,1.0
213,198.txt,17.0,3.0,1.55,4.98,281.0,0.0693,0.0087,1.0
214,412.txt,6.0,2.0,1.79,4.95,52.0,0.3333,0.0,1.0
215,332.txt,8.0,2.0,1.43,4.17,119.0,0.1386,0.0594,1.0
216,206.txt,8.0,2.0,1.52,4.55,126.0,0.1273,0.0727,1.0
217,324.txt,15.0,6.0,1.25,4.22,286.0,0.0643,0.0,1.0
218,119.txt,23.0,6.0,1.47,4.91,255.0,0.0651,0.0372,1.0
219,231.txt,31.0,3.0,1.44,4.47,318.0,0.0625,0.0331,1.0
220,461.txt,19.0,2.0,1.31,4.24,281.0,0.0773,0.0215,1.0
221,223.txt,5.0,2.0,1.42,4.76,75.0,0.2258,0.0645,1.0
222,460.txt,11.0,2.0,1.56,4.7,134.0,0.1389,0.0,1.0
223,274.txt,17.0,3.0,1.45,4.51,250.0,0.0766,0.0,1.0
224,368.txt,12.0,2.0,1.64,5.15,93.0,0.1875,0.0125,1.0
225,3.txt,7.0,2.0,1.56,4.51,118.0,0.15,0.2,1.0
226,467.txt,17.0,3.0,1.44,4.5,212.0,0.0874,0.0,1.0
227,298.txt,12.0,3.0,1.53,4.57,119.0,0.1474,0.0,1.0
228,268.txt,4.0,2.0,1.45,4.47,63.0,0.2545,0.0,1.0
229,143.txt,2.0,2.0,1.45,4.4,51.0,0.275,0.0,1.0
230,202.txt,5.0,2.0,1.53,4.61,82.0,0.2027,0.1081,1.0
231,87.txt,23.0,4.0,1.57,4.63,410.0,0.0514,0.0229,1.0
232,471.txt,17.0,4.0,1.45,4.51,223.0,0.0919,0.0054,1.0
233,246.txt,18.0,4.0,1.69,4.94,210.0,0.0899,0.0169,1.0
234,413.txt,10.0,2.0,1.51,4.7,73.0,0.2623,0.2131,1.0
235,357.txt,12.0,4.0,1.26,4.11,194.0,0.0838,0.0299,1.0
236,37.txt,12.0,3.0,1.43,4.34,262.0,0.0802,0.0142,1.0
237,95.txt,3.0,2.0,1.64,5.07,47.0,0.3095,0.0,1.0
238,157.txt,10.0,3.0,1.35,4.35,101.0,0.1348,0.0899,1.0
239,275.txt,5.0,3.0,1.53,4.97,69.0,0.25,0.0,1.0
240,10.txt,8.0,2.0,1.45,4.9,107.0,0.1505,0.0968,1.0
241,256.txt,20.0,3.0,1.43,4.3,250.0,0.0806,0.0095,1.0
242,307.txt,16.0,3.0,1.4,4.41,238.0,0.0746,0.0398,1.0
243,189.txt,22.0,4.0,1.58,4.69,272.0,0.0664,0.0575,1.0
244,6.txt,5.0,3.0,1.56,4.51,100.0,0.1444,0.0,1.0
245,269.txt,8.0,2.0,1.59,4.86,97.0,0.1364,0.0,1.0
246,169.txt,3.0,2.0,1.51,4.09,49.0,0.3023,0.0,1.0
247,166.txt,16.0,3.0,1.39,4.49,235.0,0.0833,0.0245,1.0
248,240.txt,4.0,3.0,1.77,5.44,77.0,0.2031,0.0,1.0
249,347.txt,23.0,3.0,1.48,4.48,296.0,0.0677,0.004,1.0
250,306.txt,5.0,2.0,1.37,4.59,98.0,0.2,0.16,1.0
251,196.txt,6.0,3.0,1.35,4.12,71.0,0.2105,0.0,1.0
252,271.txt,15.0,3.0,1.51,4.86,232.0,0.0928,0.0052,1.0
253,43.txt,5.0,2.0,1.43,4.26,88.0,0.2027,0.0,1.0
254,470.txt,12.0,2.0,1.37,4.61,160.0,0.1127,0.0141,1.0
255,395.txt,3.0,3.0,1.38,4.57,68.0,0.1897,0.0,1.0
256,161.txt,13.0,5.0,1.53,4.58,234.0,0.0754,0.0,1.0
257,439.txt,13.0,3.0,1.37,4.22,159.0,0.1007,0.0647,1.0
258,57.txt,7.0,3.0,1.39,4.36,82.0,0.1944,0.0,1.0
259,110.txt,25.0,2.0,1.36,4.22,250.0,0.0796,0.0647,1.0
260,84.txt,42.0,5.0,1.44,4.63,542.0,0.039,0.0521,1.0
261,277.txt,3.0,2.0,1.97,5.63,41.0,0.3429,0.0,1.0
262,378.txt,13.0,2.0,1.44,4.42,154.0,0.1288,0.053,1.0
263,237.txt,2.0,2.0,1.54,4.84,41.0,0.3514,0.0,1.0
264,124.txt,5.0,3.0,1.45,4.33,61.0,0.2353,0.0,1.0
265,453.txt,9.0,5.0,1.25,4.09,195.0,0.087,0.0497,1.0
266,63.txt,10.0,3.0,1.5,4.55,128.0,0.1121,0.0,1.0
267,477.txt,9.0,2.0,1.49,4.38,131.0,0.1282,0.0,1.0
268,270.txt,19.0,4.0,1.49,4.6,292.0,0.068,0.008,1.0
269,442.txt,17.0,2.0,1.46,4.5,158.0,0.128,0.008,1.0
270,142.txt,13.0,5.0,1.37,4.11,127.0,0.1132,0.0849,1.0
271,212.txt,19.0,4.0,1.34,4.14,298.0,0.068,0.0,1.0
272,20.txt,10.0,2.0,1.54,4.74,114.0,0.1327,0.0306,1.0
273,473.txt,3.0,2.0,1.53,4.39,56.0,0.2449,0.0,1.0
274,19.txt,26.0,4.0,1.39,4.46,342.0,0.0629,0.0629,1.0
275,33.txt,7.0,2.0,1.49,4.71,88.0,0.2143,0.2857,1.0
276,217.txt,20.0,3.0,1.42,4.39,234.0,0.0739,0.0443,1.0
277,121.txt,17.0,3.0,1.5,4.87,252.0,0.0762,0.0048,1.0
278,185.txt,26.0,3.0,1.56,4.58,364.0,0.0537,0.0101,1.0
279,128.txt,4.0,3.0,1.44,4.24,83.0,0.1733,0.0267,1.0
280,207.txt,22.0,4.0,1.42,4.53,302.0,0.0627,0.0078,1.0
281,454.txt,20.0,2.0,1.45,4.39,231.0,0.086,0.0108,1.0
282,141.txt,11.0,3.0,1.49,4.51,147.0,0.112,0.088,1.0
283,433.txt,12.0,2.0,1.42,4.79,120.0,0.1744,0.0349,1.0
284,165.txt,7.0,4.0,1.47,4.56,91.0,0.1975,0.0,1.0
285,291.txt,7.0,4.0,1.31,4.12,109.0,0.1613,0.0,1.0
286,160.txt,13.0,6.0,1.39,4.39,167.0,0.1049,0.0,1.0
287,399.txt,15.0,3.0,1.4,4.3,277.0,0.0649,0.0,1.0
288,15.txt,8.0,2.0,1.55,4.6,131.0,0.1589,0.0,1.0
289,135.txt,1.0,2.0,1.59,4.73,24.0,0.5,0.0,1.0
290,91.txt,5.0,2.0,1.64,4.69,94.0,0.1558,0.0,1.0
291,104.txt,1.0,2.0,1.33,4.28,48.0,0.2558,0.0465,1.0
292,235.txt,2.0,2.0,1.57,4.93,70.0,0.2131,0.0656,1.0
293,116.txt,15.0,3.0,1.26,4.27,175.0,0.1141,0.0,1.0
294,282.txt,17.0,3.0,1.43,4.49,265.0,0.0759,0.0268,1.0
295,310.txt,8.0,2.0,1.49,4.5,152.0,0.122,0.0407,1.0
296,210.txt,14.0,3.0,1.54,5.08,165.0,0.1014,0.0435,1.0
297,105.txt,9.0,3.0,1.46,4.36,127.0,0.1327,0.0,1.0
298,247.txt,19.0,4.0,1.46,4.41,262.0,0.0749,0.0,1.0
299,411.txt,2.0,2.0,1.43,4.29,89.0,0.1646,0.0127,1.0
300,279.txt,24.0,3.0,1.41,4.39,311.0,0.0604,0.0377,1.0
301,468.txt,15.0,3.0,1.41,4.15,208.0,0.0971,0.0857,1.0
302,118.txt,8.0,4.0,1.44,4.98,108.0,0.1263,0.0,1.0
303,2.txt,17.0,3.0,1.5,4.39,295.0,0.0798,0.0042,1.0
304,127.txt,24.0,4.0,1.44,4.58,311.0,0.0639,0.0752,1.0
305,215.txt,1.0,2.0,1.53,4.75,36.0,0.3438,0.0,1.0
306,151.txt,3.0,2.0,1.6,4.79,49.0,0.2791,0.0,1.0
307,441.txt,5.0,2.0,1.4,4.15,53.0,0.2766,0.0,1.0
308,9.txt,11.0,3.0,1.32,3.97,183.0,0.109,0.0,1.0
309,80.txt,11.0,3.0,1.49,4.4,194.0,0.0828,0.0,1.0
310,403.txt,4.0,2.0,1.46,4.45,74.0,0.1692,0.0,1.0
311,406.txt,4.0,2.0,1.64,4.81,60.0,0.2642,0.0,1.0
312,193.txt,15.0,3.0,1.42,4.4,231.0,0.0969,0.0102,1.0
313,333.txt,24.0,2.0,1.28,4.04,287.0,0.0735,0.0245,1.0
314,254.txt,4.0,2.0,1.74,5.37,88.0,0.1918,0.0822,1.0
315,260.txt,3.0,2.0,1.45,4.66,33.0,0.3793,0.2759,1.0
316,338.txt,12.0,4.0,1.4,4.34,152.0,0.1136,0.0303,1.0
317,480.txt,9.0,2.0,1.28,4.19,128.0,0.1091,0.0,1.0
318,265.txt,26.0,2.0,1.33,4.05,281.0,0.07,0.0082,1.0
319,278.txt,3.0,2.0,1.75,5.11,40.0,0.3333,0.0,1.0
320,380.txt,5.0,2.0,1.54,4.76,89.0,0.175,0.0875,1.0
321,228.txt,20.0,3.0,1.48,4.63,265.0,0.0679,0.0,1.0
322,479.txt,16.0,3.0,1.34,4.31,215.0,0.0865,0.0216,1.0
323,183.txt,3.0,2.0,1.59,4.61,51.0,0.25,0.0,1.0
324,421.txt,15.0,2.0,1.58,4.64,225.0,0.089,0.0366,1.0
325,195.txt,3.0,2.0,1.75,4.63,63.0,0.25,0.0,1.0
326,267.txt,15.0,4.0,1.33,4.31,295.0,0.0645,0.0242,1.0
327,485.txt,17.0,3.0,1.58,4.88,195.0,0.1056,0.0621,1.0
328,483.txt,28.0,3.0,1.51,4.46,266.0,0.0756,0.1378,1.0
329,285.txt,19.0,2.0,1.51,4.49,258.0,0.0821,0.0048,1.0
330,60.txt,12.0,4.0,1.47,4.59,248.0,0.0741,0.0463,1.0
331,343.txt,18.0,3.0,1.53,4.77,221.0,0.0781,0.0208,1.0
332,250.txt,18.0,3.0,1.4,4.21,170.0,0.1049,0.021,1.0
333,325.txt,26.0,5.0,1.41,4.29,358.0,0.0579,0.0482,1.0
334,148.txt,30.0,5.0,1.37,4.16,359.0,0.0633,0.07,1.0
335,405.txt,15.0,3.0,1.49,4.72,260.0,0.0748,0.0421,1.0
336,21.txt,10.0,2.0,1.54,4.74,114.0,0.1327,0.0306,1.0
337,29.txt,9.0,2.0,1.49,4.74,92.0,0.1538,0.0,1.0
338,492.txt,5.0,2.0,1.54,4.82,89.0,0.1667,0.0513,1.0
339,50.txt,5.0,2.0,1.57,4.8,98.0,0.1875,0.025,1.0
340,147.txt,22.0,3.0,1.49,4.49,226.0,0.0942,0.0,1.0
341,249.txt,15.0,4.0,1.48,4.67,199.0,0.0941,0.0,1.0
342,475.txt,31.0,3.0,1.38,4.24,363.0,0.0588,0.0261,1.0
343,30.txt,7.0,3.0,1.4,4.29,117.0,0.1596,0.0426,1.0
344,54.txt,5.0,2.0,1.57,4.8,98.0,0.1875,0.025,1.0
345,41.txt,7.0,2.0,1.53,4.59,86.0,0.2,0.0,1.0
346,419.txt,18.0,3.0,,,,,,
347,370.txt,24.0,3.0,1.52,4.45,344.0,0.0569,0.0,1.0
348,34.txt,5.0,2.0,1.55,4.61,74.0,0.2031,0.0,1.0
349,318.txt,5.0,2.0,1.49,4.59,111.0,0.1848,0.1087,1.0
350,179.txt,16.0,4.0,1.44,4.33,250.0,0.0688,0.0183,1.0
351,251.txt,5.0,2.0,1.63,5.28,49.0,0.3,0.0,1.0
352,221.txt,2.0,2.0,1.42,4.43,60.0,0.2264,0.0,1.0
353,93.txt,3.0,2.0,1.5,4.38,57.0,0.22,0.0,1.0
354,204.txt,16.0,2.0,1.57,4.56,205.0,0.0988,0.0,1.0
355,266.txt,19.0,3.0,1.38,4.44,203.0,0.0778,0.0222,1.0
356,14.txt,4.0,3.0,1.38,3.96,108.0,0.1649,0.0309,1.0
357,346.txt,4.0,2.0,1.6,4.97,81.0,0.2222,0.0,1.0
358,145.txt,28.0,3.0,1.36,4.47,332.0,0.0671,0.0177,1.0
359,320.txt,3.0,2.0,1.48,4.72,72.0,0.1967,0.0,1.0
360,89.txt,5.0,2.0,1.55,4.66,76.0,0.2344,0.0,1.0
361,90.txt,8.0,2.0,1.4,4.46,85.0,0.1857,0.0,1.0
362,123.txt,21.0,4.0,1.63,4.84,241.0,0.0788,0.0246,1.0
363,438.txt,20.0,3.0,1.42,4.45,261.0,0.0793,0.0,1.0
364,1.txt,25.0,4.0,1.41,4.4,376.0,0.0571,0.0,1.0
365,86.txt,8.0,3.0,1.42,4.36,154.0,0.1168,0.0146,1.0
366,334.txt,3.0,2.0,1.47,4.56,112.0,0.1515,0.0,1.0
367,329.txt,13.0,3.0,1.68,4.97,155.0,0.1288,0.0,1.0
368,187.txt,9.0,3.0,1.39,4.34,109.0,0.1368,0.0,1.0
369,262.txt,5.0,3.0,1.43,4.39,80.0,0.1806,0.1111,1.0
370,465.txt,19.0,5.0,1.59,4.76,235.0,0.0804,0.005,1.0
371,359.txt,8.0,4.0,1.46,4.72,153.0,0.1119,0.0149,1.0
372,125.txt,24.0,5.0,1.39,4.18,320.0,0.0578,0.0144,1.0
373,474.txt,11.0,2.0,1.37,4.25,186.0,0.1046,0.0261,1.0
374,356.txt,14.0,3.0,1.45,4.3,312.0,0.0692,0.0538,1.0
375,352.txt,9.0,2.0,1.56,4.88,127.0,0.1364,0.0455,1.0
376,416.txt,16.0,4.0,1.33,4.02,276.0,0.0681,0.0,1.0
377,226.txt,13.0,2.0,1.36,4.65,156.0,0.1022,0.0365,1.0
378,252.txt,7.0,2.0,1.61,4.98,105.0,0.1928,0.0,1.0
379,402.txt,1.0,4.0,1.47,4.79,42.0,0.2895,0.1053,1.0
380,289.txt,5.0,2.0,1.53,4.78,111.0,0.172,0.0,1.0
381,335.txt,14.0,3.0,1.38,4.32,167.0,0.1085,0.0,1.0
382,375.txt,26.0,4.0,1.52,4.65,306.0,0.0615,0.0077,1.0
383,74.txt,17.0,3.0,1.53,4.85,230.0,0.0867,0.0255,1.0
384,308.txt,23.0,3.0,1.44,4.32,247.0,0.0737,0.0138,1.0
385,376.txt,8.0,3.0,1.62,4.79,95.0,0.1688,0.1039,1.0
386,456.txt,7.0,2.0,1.52,4.01,121.0,0.1515,0.0,1.0
387,290.txt,8.0,4.0,1.32,4.03,132.0,0.1386,0.1485,1.0
388,342.txt,7.0,2.0,1.47,4.26,127.0,0.1429,0.0,1.0
389,317.txt,5.0,2.0,1.44,4.56,66.0,0.2364,0.0,1.0
390,455.txt,6.0,2.0,1.51,4.25,92.0,0.1831,0.1268,1.0
391,316.txt,9.0,4.0,1.27,4.1,154.0,0.1029,0.0221,1.0
392,434.txt,6.0,2.0,1.38,4.17,121.0,0.1154,0.0192,1.0
393,319.txt,11.0,3.0,1.55,4.66,125.0,0.14,0.13,1.0
394,174.txt,14.0,4.0,1.5,4.65,248.0,0.0833,0.0245,1.0
395,158.txt,17.0,3.0,1.42,4.54,177.0,0.1026,0.0321,1.0
396,367.txt,9.0,4.0,1.45,4.3,97.0,0.1928,0.0241,1.0
397,415.txt,3.0,3.0,1.53,4.31,37.0,0.3438,0.0,1.0
398,35.txt,12.0,3.0,1.46,4.51,170.0,0.1111,0.0069,1.0
399,83.txt,12.0,2.0,1.49,4.48,104.0,0.1522,0.0543,1.0
400,498.txt,18.0,3.0,1.44,4.44,194.0,0.109,0.0128,1.0
401,497.txt,13.0,2.0,1.42,4.57,138.0,0.1345,0.042,1.0
402,129.txt,18.0,2.0,1.52,4.52,197.0,0.0875,0.0,1.0
403,81.txt,11.0,3.0,1.55,4.77,184.0,0.1037,0.1402,1.0
404,122.txt,26.0,3.0,1.42,4.37,326.0,0.0586,0.0,1.0
405,192.txt,22.0,3.0,1.41,4.56,292.0,0.0705,0.0207,1.0
406,18.txt,8.0,2.0,1.67,4.92,138.0,0.1379,0.0086,1.0
407,445.txt,8.0,2.0,1.52,4.74,123.0,0.1429,0.0,1.0
408,431.txt,10.0,3.0,1.35,4.4,134.0,0.1379,0.0,1.0
409,227.txt,3.0,2.0,1.53,4.47,50.0,0.2667,0.0,1.0
410,284.txt,15.0,4.0,1.45,4.41,229.0,0.0968,0.0,1.0
411,287.txt,11.0,2.0,1.57,4.67,137.0,0.1391,0.0348,1.0
412,481.txt,11.0,2.0,1.34,4.19,147.0,0.1094,0.0,1.0
413,369.txt,23.0,2.0,1.44,4.15,324.0,0.0625,0.0294,1.0
414,138.txt,13.0,6.0,1.39,4.39,167.0,0.1049,0.0,1.0
415,132.txt,8.0,3.0,1.48,4.68,137.0,0.1327,0.0442,1.0
416,396.txt,3.0,2.0,1.51,4.85,60.0,0.2264,0.0755,1.0
417,301.txt,9.0,3.0,1.49,4.53,185.0,0.1007,0.0067,1.0
418,236.txt,3.0,3.0,1.34,4.03,79.0,0.1791,0.1642,1.0
419,238.txt,21.0,4.0,1.44,4.69,239.0,0.0754,0.0101,1.0
420,351.txt,12.0,2.0,1.62,4.91,132.0,0.1538,0.0342,1.0
421,340.txt,6.0,2.0,1.51,4.7,104.0,0.1667,0.0,1.0
422,45.txt,12.0,2.0,1.46,4.66,130.0,0.1429,0.1339,1.0
423,232.txt,28.0,3.0,1.38,4.37,304.0,0.0599,0.0187,1.0
424,197.txt,7.0,2.0,1.51,4.85,110.0,0.1489,0.0,1.0
425,276.txt,28.0,5.0,1.34,4.37,357.0,0.0554,0.0163,1.0
426,126.txt,23.0,3.0,1.42,4.68,269.0,0.0598,0.0171,1.0
427,426.txt,20.0,3.0,1.48,4.49,284.0,0.0675,0.0338,1.0
428,115.txt,8.0,4.0,1.45,4.05,75.0,0.2,0.0,1.0
429,355.txt,5.0,2.0,1.4,4.47,91.0,0.1795,0.0,1.0
430,75.txt,11.0,3.0,1.52,4.37,134.0,0.1379,0.0431,1.0
431,401.txt,16.0,3.0,1.4,4.44,284.0,0.0711,0.0293,1.0
432,162.txt,5.0,3.0,1.56,5.03,71.0,0.1967,0.0984,1.0
433,191.txt,3.0,2.0,1.44,4.53,48.0,0.2558,0.0,1.0
434,31.txt,25.0,3.0,1.57,4.69,269.0,0.0807,0.0,1.0
435,4.txt,9.0,2.0,1.58,4.68,89.0,0.1757,0.0,1.0
436,70.txt,13.0,7.0,1.5,4.66,255.0,0.0826,0.0,1.0
437,398.txt,22.0,4.0,1.38,4.33,250.0,0.0865,0.0192,1.0
438,361.txt,12.0,3.0,1.44,4.45,144.0,0.1167,0.0333,1.0
439,427.txt,18.0,3.0,1.49,4.61,258.0,0.0721,0.0,1.0
440,233.txt,20.0,4.0,1.39,4.19,209.0,0.0862,0.0,1.0
441,341.txt,9.0,2.0,1.44,4.35,99.0,0.1786,0.0714,1.0
442,113.txt,18.0,3.0,1.4,4.32,265.0,0.0699,0.0,1.0
443,417.txt,11.0,3.0,1.39,4.4,157.0,0.0963,0.0,1.0
444,8.txt,9.0,2.0,1.36,4.23,120.0,0.1531,0.102,1.0
445,362.txt,23.0,3.0,1.5,4.65,341.0,0.0549,0.0916,1.0
446,114.txt,17.0,5.0,1.35,4.06,256.0,0.0822,0.032,1.0
447,253.txt,23.0,3.0,1.38,4.68,251.0,0.0798,0.0094,1.0
448,472.txt,7.0,2.0,1.43,4.7,92.0,0.1605,0.0,1.0
449,131.txt,19.0,3.0,1.26,3.92,257.0,0.0746,0.0219,1.0
450,96.txt,15.0,5.0,1.26,4.5,190.0,0.0844,0.0,1.0
451,264.txt,6.0,2.0,1.44,4.38,76.0,0.1765,0.0588,1.0
452,371.txt,23.0,2.0,1.44,4.39,291.0,0.07,0.0123,1.0
453,489.txt,17.0,2.0,1.37,4.25,206.0,0.0955,0.0,1.0
454,219.txt,17.0,2.0,1.37,4.17,221.0,0.0924,0.0217,1.0
455,476.txt,10.0,2.0,1.52,4.61,126.0,0.1321,0.0377,1.0
456,414.txt,2.0,2.0,1.43,4.19,43.0,0.3243,0.0,1.0
457,209.txt,2.0,2.0,1.43,4.68,40.0,0.3243,0.1622,1.0
458,377.txt,3.0,3.0,1.48,4.55,85.0,0.2113,0.0,1.0
459,154.txt,7.0,2.0,1.61,4.92,55.0,0.2857,0.0,1.0
460,305.txt,6.0,3.0,1.35,4.35,84.0,0.2059,0.0,1.0
461,326.txt,28.0,3.0,1.42,4.28,278.0,0.0664,0.0456,1.0
462,190.txt,9.0,3.0,1.35,4.18,124.0,0.1376,0.0826,1.0
463,149.txt,7.0,3.0,1.36,4.35,173.0,0.1042,0.0347,1.0
464,397.txt,12.0,3.0,1.47,4.46,236.0,0.0872,0.0051,1.0
465,302.txt,17.0,3.0,1.38,4.27,212.0,0.0894,0.0279,1.0
466,349.txt,10.0,3.0,1.83,5.26,129.0,0.1402,0.0093,1.0
467,286.txt,10.0,3.0,1.38,4.26,133.0,0.113,0.0696,1.0
468,387.txt,12.0,2.0,1.41,4.15,114.0,0.1327,0.0612,1.0
469,172.txt,8.0,2.0,1.5,4.39,137.0,0.1121,0.0,1.0
470,446.txt,23.0,4.0,1.51,4.69,280.0,0.0596,0.0511,1.0
471,323.txt,12.0,2.0,1.36,4.57,118.0,0.1429,0.0,1.0
472,182.txt,23.0,4.0,1.53,4.47,231.0,0.0777,0.0,1.0
473,384.txt,26.0,3.0,1.48,4.42,300.0,0.07,0.0247,1.0
474,99.txt,6.0,3.0,1.36,4.2,68.0,0.1967,0.0,1.0
475,462.txt,6.0,2.0,1.61,4.7,98.0,0.1609,0.0575,1.0
476,159.txt,20.0,3.0,1.56,4.81,301.0,0.065,0.0,1.0
477,313.txt,11.0,3.0,1.57,4.83,184.0,0.1026,0.0513,1.0
478,385.txt,10.0,2.0,1.55,4.62,139.0,0.1391,0.0,1.0
479,153.txt,9.0,3.0,1.3,4.24,195.0,0.0977,0.0115,1.0
480,130.txt,4.0,2.0,1.38,4.18,67.0,0.1803,0.0,1.0
481,68.txt,24.0,4.0,1.34,4.2,459.0,0.0519,0.0338,1.0
482,400.txt,13.0,3.0,1.3,4.49,236.0,0.0833,0.0098,1.0
483,222.txt,6.0,2.0,1.56,4.98,62.0,0.2889,0.0,1.0
484,94.txt,5.0,2.0,1.64,5.07,69.0,0.2069,0.0172,1.0
485,201.txt,25.0,4.0,1.45,4.7,220.0,0.095,0.0447,1.0
486,488.txt,10.0,3.0,1.46,4.33,101.0,0.1647,0.0,1.0
487,299.txt,7.0,3.0,1.45,4.38,132.0,0.1339,0.0357,1.0
488,73.txt,7.0,3.0,1.38,4.8,88.0,0.1842,0.0,1.0
489,263.txt,7.0,2.0,1.53,4.65,89.0,0.2051,0.0128,1.0
490,66.txt,14.0,5.0,1.48,4.88,263.0,0.08,0.0,1.0
491,56.txt,15.0,3.0,1.45,4.51,171.0,0.0921,0.0329,1.0
492,69.txt,9.0,3.0,1.3,4.5,118.0,0.1386,0.0,1.0
493,366.txt,4.0,3.0,1.44,4.51,81.0,0.1944,0.0556,1.0
494,79.txt,21.0,4.0,1.38,4.47,287.0,0.0776,0.0733,1.0
495,11.txt,8.0,2.0,1.51,4.8,106.0,0.1304,0.0543,1.0
496,112.txt,9.0,3.0,1.34,4.24,129.0,0.1495,0.0,1.0
497,5.txt,8.0,3.0,1.55,4.78,106.0,0.1429,0.022,1.0
498,296.txt,5.0,2.0,1.51,4.77,102.0,0.1628,0.0,1.0
499,383.txt,,,1.44,4.13,107.0,0.1648,0.0,1.0
